[{"model": "admin.logentry", "pk": 1, "fields": {"action_time": "2025-06-19T07:18:16.088Z", "user": 1, "content_type": 8, "object_id": "3", "object_repr": "tenant@example.com (tenant)", "action_flag": 1, "change_message": "[{\"added\": {}}]"}}, {"model": "admin.logentry", "pk": 2, "fields": {"action_time": "2025-06-19T09:55:09.221Z", "user": 1, "content_type": 8, "object_id": "4", "object_repr": "joe_jarrett@hotmail.com (owner)", "action_flag": 2, "change_message": "[{\"changed\": {\"fields\": [\"Is staff\"]}}]"}}, {"model": "auth.permission", "pk": 1, "fields": {"name": "Can add log entry", "content_type": 1, "codename": "add_logentry"}}, {"model": "auth.permission", "pk": 2, "fields": {"name": "Can change log entry", "content_type": 1, "codename": "change_logentry"}}, {"model": "auth.permission", "pk": 3, "fields": {"name": "Can delete log entry", "content_type": 1, "codename": "delete_logentry"}}, {"model": "auth.permission", "pk": 4, "fields": {"name": "Can view log entry", "content_type": 1, "codename": "view_logentry"}}, {"model": "auth.permission", "pk": 5, "fields": {"name": "Can add permission", "content_type": 2, "codename": "add_permission"}}, {"model": "auth.permission", "pk": 6, "fields": {"name": "Can change permission", "content_type": 2, "codename": "change_permission"}}, {"model": "auth.permission", "pk": 7, "fields": {"name": "Can delete permission", "content_type": 2, "codename": "delete_permission"}}, {"model": "auth.permission", "pk": 8, "fields": {"name": "Can view permission", "content_type": 2, "codename": "view_permission"}}, {"model": "auth.permission", "pk": 9, "fields": {"name": "Can add group", "content_type": 3, "codename": "add_group"}}, {"model": "auth.permission", "pk": 10, "fields": {"name": "Can change group", "content_type": 3, "codename": "change_group"}}, {"model": "auth.permission", "pk": 11, "fields": {"name": "Can delete group", "content_type": 3, "codename": "delete_group"}}, {"model": "auth.permission", "pk": 12, "fields": {"name": "Can view group", "content_type": 3, "codename": "view_group"}}, {"model": "auth.permission", "pk": 13, "fields": {"name": "Can add content type", "content_type": 4, "codename": "add_contenttype"}}, {"model": "auth.permission", "pk": 14, "fields": {"name": "Can change content type", "content_type": 4, "codename": "change_contenttype"}}, {"model": "auth.permission", "pk": 15, "fields": {"name": "Can delete content type", "content_type": 4, "codename": "delete_contenttype"}}, {"model": "auth.permission", "pk": 16, "fields": {"name": "Can view content type", "content_type": 4, "codename": "view_contenttype"}}, {"model": "auth.permission", "pk": 17, "fields": {"name": "Can add session", "content_type": 5, "codename": "add_session"}}, {"model": "auth.permission", "pk": 18, "fields": {"name": "Can change session", "content_type": 5, "codename": "change_session"}}, {"model": "auth.permission", "pk": 19, "fields": {"name": "Can delete session", "content_type": 5, "codename": "delete_session"}}, {"model": "auth.permission", "pk": 20, "fields": {"name": "Can view session", "content_type": 5, "codename": "view_session"}}, {"model": "auth.permission", "pk": 21, "fields": {"name": "Can add blacklisted token", "content_type": 6, "codename": "add_blacklistedtoken"}}, {"model": "auth.permission", "pk": 22, "fields": {"name": "Can change blacklisted token", "content_type": 6, "codename": "change_blacklistedtoken"}}, {"model": "auth.permission", "pk": 23, "fields": {"name": "Can delete blacklisted token", "content_type": 6, "codename": "delete_blacklistedtoken"}}, {"model": "auth.permission", "pk": 24, "fields": {"name": "Can view blacklisted token", "content_type": 6, "codename": "view_blacklistedtoken"}}, {"model": "auth.permission", "pk": 25, "fields": {"name": "Can add outstanding token", "content_type": 7, "codename": "add_outstandingtoken"}}, {"model": "auth.permission", "pk": 26, "fields": {"name": "Can change outstanding token", "content_type": 7, "codename": "change_outstandingtoken"}}, {"model": "auth.permission", "pk": 27, "fields": {"name": "Can delete outstanding token", "content_type": 7, "codename": "delete_outstandingtoken"}}, {"model": "auth.permission", "pk": 28, "fields": {"name": "Can view outstanding token", "content_type": 7, "codename": "view_outstandingtoken"}}, {"model": "auth.permission", "pk": 29, "fields": {"name": "Can add user", "content_type": 8, "codename": "add_user"}}, {"model": "auth.permission", "pk": 30, "fields": {"name": "Can change user", "content_type": 8, "codename": "change_user"}}, {"model": "auth.permission", "pk": 31, "fields": {"name": "Can delete user", "content_type": 8, "codename": "delete_user"}}, {"model": "auth.permission", "pk": 32, "fields": {"name": "Can view user", "content_type": 8, "codename": "view_user"}}, {"model": "auth.permission", "pk": 33, "fields": {"name": "Can add company", "content_type": 9, "codename": "add_company"}}, {"model": "auth.permission", "pk": 34, "fields": {"name": "Can change company", "content_type": 9, "codename": "change_company"}}, {"model": "auth.permission", "pk": 35, "fields": {"name": "Can delete company", "content_type": 9, "codename": "delete_company"}}, {"model": "auth.permission", "pk": 36, "fields": {"name": "Can view company", "content_type": 9, "codename": "view_company"}}, {"model": "auth.permission", "pk": 37, "fields": {"name": "Can add block", "content_type": 10, "codename": "add_block"}}, {"model": "auth.permission", "pk": 38, "fields": {"name": "Can change block", "content_type": 10, "codename": "change_block"}}, {"model": "auth.permission", "pk": 39, "fields": {"name": "Can delete block", "content_type": 10, "codename": "delete_block"}}, {"model": "auth.permission", "pk": 40, "fields": {"name": "Can view block", "content_type": 10, "codename": "view_block"}}, {"model": "auth.permission", "pk": 41, "fields": {"name": "Can add property", "content_type": 11, "codename": "add_property"}}, {"model": "auth.permission", "pk": 42, "fields": {"name": "Can change property", "content_type": 11, "codename": "change_property"}}, {"model": "auth.permission", "pk": 43, "fields": {"name": "Can delete property", "content_type": 11, "codename": "delete_property"}}, {"model": "auth.permission", "pk": 44, "fields": {"name": "Can view property", "content_type": 11, "codename": "view_property"}}, {"model": "auth.permission", "pk": 45, "fields": {"name": "Can add ownership", "content_type": 12, "codename": "add_ownership"}}, {"model": "auth.permission", "pk": 46, "fields": {"name": "Can change ownership", "content_type": 12, "codename": "change_ownership"}}, {"model": "auth.permission", "pk": 47, "fields": {"name": "Can delete ownership", "content_type": 12, "codename": "delete_ownership"}}, {"model": "auth.permission", "pk": 48, "fields": {"name": "Can view ownership", "content_type": 12, "codename": "view_ownership"}}, {"model": "contenttypes.contenttype", "pk": 1, "fields": {"app_label": "admin", "model": "logentry"}}, {"model": "contenttypes.contenttype", "pk": 2, "fields": {"app_label": "auth", "model": "permission"}}, {"model": "contenttypes.contenttype", "pk": 3, "fields": {"app_label": "auth", "model": "group"}}, {"model": "contenttypes.contenttype", "pk": 4, "fields": {"app_label": "contenttypes", "model": "contenttype"}}, {"model": "contenttypes.contenttype", "pk": 5, "fields": {"app_label": "sessions", "model": "session"}}, {"model": "contenttypes.contenttype", "pk": 6, "fields": {"app_label": "token_blacklist", "model": "blacklistedtoken"}}, {"model": "contenttypes.contenttype", "pk": 7, "fields": {"app_label": "token_blacklist", "model": "outstandingtoken"}}, {"model": "contenttypes.contenttype", "pk": 8, "fields": {"app_label": "users", "model": "user"}}, {"model": "contenttypes.contenttype", "pk": 9, "fields": {"app_label": "properties", "model": "company"}}, {"model": "contenttypes.contenttype", "pk": 10, "fields": {"app_label": "properties", "model": "block"}}, {"model": "contenttypes.contenttype", "pk": 11, "fields": {"app_label": "properties", "model": "property"}}, {"model": "contenttypes.contenttype", "pk": 12, "fields": {"app_label": "properties", "model": "ownership"}}, {"model": "sessions.session", "pk": "bua51nnso18ujfgeos4hhylosmkurizq", "fields": {"session_data": ".eJxVjDsOwjAUBO_iGll2_IlNSc8ZovXLMw4gR4qTCnF3iJQC2p2ZfYkB21qGrfEyTKM4Cy1Ov1sCPbjuYLyj3mZJc12XKcldkQdt8jqP_Lwc7t9BQSvfutdQbKwiiuCYgu84eMrBOuWQgrUxOW0ygs7soEzynBGpAzP6Dl68P-tHOI0:1uS9Wo:vDYXllmsy97UN2ZKvntMASbFUu7q6qBPeKKOu72JO0A", "expire_date": "2025-07-03T07:17:42.673Z"}}, {"model": "token_blacklist.outstandingtoken", "pk": 1, "fields": {"user": 1, "jti": "c549aaa5822547b7a8e17a5cae1be972", "token": "eyJhbGciOiJIUzI1NiIsInR5cCI6IkpXVCJ9.eyJ0b2tlbl90eXBlIjoicmVmcmVzaCIsImV4cCI6MTc1MDQwMTI2MywiaWF0IjoxNzUwMzE0ODYzLCJqdGkiOiJjNTQ5YWFhNTgyMjU0N2I3YThlMTdhNWNhZTFiZTk3MiIsInVzZXJfaWQiOjF9.1SoAQ0Xf4x4nBuoeiSzAbYpzWNT4dz6fuGgEt5mePI4", "created_at": "2025-06-19T06:34:23.092Z", "expires_at": "2025-06-20T06:34:23Z"}}, {"model": "token_blacklist.outstandingtoken", "pk": 2, "fields": {"user": 1, "jti": "20efba5931c34499b2626613f2578064", "token": "eyJhbGciOiJIUzI1NiIsInR5cCI6IkpXVCJ9.eyJ0b2tlbl90eXBlIjoicmVmcmVzaCIsImV4cCI6MTc1MDQwMzUxMywiaWF0IjoxNzUwMzE3MTEzLCJqdGkiOiIyMGVmYmE1OTMxYzM0NDk5YjI2MjY2MTNmMjU3ODA2NCIsInVzZXJfaWQiOjF9.Ip2JAsK_IQAGs-5r3bw7qHtwjB5FczhJBkMHLvg5Dng", "created_at": "2025-06-19T07:11:53.283Z", "expires_at": "2025-06-20T07:11:53Z"}}, {"model": "token_blacklist.outstandingtoken", "pk": 3, "fields": {"user": 1, "jti": "c1cf7ad84a424f6f9f6aba33985827e3", "token": "eyJhbGciOiJIUzI1NiIsInR5cCI6IkpXVCJ9.eyJ0b2tlbl90eXBlIjoicmVmcmVzaCIsImV4cCI6MTc1MDQwMzY3NywiaWF0IjoxNzUwMzE3Mjc3LCJqdGkiOiJjMWNmN2FkODRhNDI0ZjZmOWY2YWJhMzM5ODU4MjdlMyIsInVzZXJfaWQiOjF9.PtpBv54un-yWFM0HP8vJm2H-lFmXXUb7TcAeOoGDrD0", "created_at": "2025-06-19T07:14:37.733Z", "expires_at": "2025-06-20T07:14:37Z"}}, {"model": "token_blacklist.outstandingtoken", "pk": 4, "fields": {"user": 1, "jti": "b01d4b1943f046efb3c3bfbeb469b8bd", "token": "eyJhbGciOiJIUzI1NiIsInR5cCI6IkpXVCJ9.eyJ0b2tlbl90eXBlIjoicmVmcmVzaCIsImV4cCI6MTc1MDQwMzc3MywiaWF0IjoxNzUwMzE3MzczLCJqdGkiOiJiMDFkNGIxOTQzZjA0NmVmYjNjM2JmYmViNDY5YjhiZCIsInVzZXJfaWQiOjF9.kMZHdIaeSbIrZgt7YEEUoLk366KnsvHo_GC6h5etttM", "created_at": "2025-06-19T07:16:13.428Z", "expires_at": "2025-06-20T07:16:13Z"}}, {"model": "token_blacklist.outstandingtoken", "pk": 5, "fields": {"user": 3, "jti": "c38d7b5786944a75a6f72fea97ab7623", "token": "eyJhbGciOiJIUzI1NiIsInR5cCI6IkpXVCJ9.eyJ0b2tlbl90eXBlIjoicmVmcmVzaCIsImV4cCI6MTc1MDQwMzkyNiwiaWF0IjoxNzUwMzE3NTI2LCJqdGkiOiJjMzhkN2I1Nzg2OTQ0YTc1YTZmNzJmZWE5N2FiNzYyMyIsInVzZXJfaWQiOjN9.MYC5Zl4qMU6PC767-8vtolv5BsLZeb5kEqHBCasIr_o", "created_at": "2025-06-19T07:18:46.416Z", "expires_at": "2025-06-20T07:18:46Z"}}, {"model": "token_blacklist.outstandingtoken", "pk": 6, "fields": {"user": 1, "jti": "9d06b480ea294dffb7dcafbf1b761397", "token": "eyJhbGciOiJIUzI1NiIsInR5cCI6IkpXVCJ9.eyJ0b2tlbl90eXBlIjoicmVmcmVzaCIsImV4cCI6MTc1MDQwMzk5OCwiaWF0IjoxNzUwMzE3NTk4LCJqdGkiOiI5ZDA2YjQ4MGVhMjk0ZGZmYjdkY2FmYmYxYjc2MTM5NyIsInVzZXJfaWQiOjF9.eAKomw_ARPml0RHUav9v06KzN7RgktzRs2_3RXUlZkQ", "created_at": "2025-06-19T07:19:58.964Z", "expires_at": "2025-06-20T07:19:58Z"}}, {"model": "token_blacklist.outstandingtoken", "pk": 7, "fields": {"user": 1, "jti": "429509c5916c4504a1ed7ec01752b839", "token": "eyJhbGciOiJIUzI1NiIsInR5cCI6IkpXVCJ9.eyJ0b2tlbl90eXBlIjoicmVmcmVzaCIsImV4cCI6MTc1MDQwNzI0MywiaWF0IjoxNzUwMzIwODQzLCJqdGkiOiI0Mjk1MDljNTkxNmM0NTA0YTFlZDdlYzAxNzUyYjgzOSIsInVzZXJfaWQiOjF9.wPzAED3ifZb2zXreDeO0ndoMuI5fKNbI_2axM6Y-BOE", "created_at": "2025-06-19T08:14:03.628Z", "expires_at": "2025-06-20T08:14:03Z"}}, {"model": "token_blacklist.outstandingtoken", "pk": 8, "fields": {"user": 1, "jti": "dd6b6c2ed42947b0b6d32894200c97f9", "token": "eyJhbGciOiJIUzI1NiIsInR5cCI6IkpXVCJ9.eyJ0b2tlbl90eXBlIjoicmVmcmVzaCIsImV4cCI6MTc1MDQwNzMzMywiaWF0IjoxNzUwMzIwOTMzLCJqdGkiOiJkZDZiNmMyZWQ0Mjk0N2IwYjZkMzI4OTQyMDBjOTdmOSIsInVzZXJfaWQiOjF9.o21p3kSiF_TRENlzJ4LBuMY0Sh_7Xgq57aG0Q_FDa-8", "created_at": "2025-06-19T08:15:33.326Z", "expires_at": "2025-06-20T08:15:33Z"}}, {"model": "token_blacklist.outstandingtoken", "pk": 9, "fields": {"user": 1, "jti": "421cb6c365d24ef99e4178883bef4707", "token": "eyJhbGciOiJIUzI1NiIsInR5cCI6IkpXVCJ9.eyJ0b2tlbl90eXBlIjoicmVmcmVzaCIsImV4cCI6MTc1MDQwNzcyNSwiaWF0IjoxNzUwMzIxMzI1LCJqdGkiOiI0MjFjYjZjMzY1ZDI0ZWY5OWU0MTc4ODgzYmVmNDcwNyIsInVzZXJfaWQiOjF9.Z-PUKSFM6bk8Bswea4opcm9DUPSbsWQ7vjWx6c7JnpY", "created_at": "2025-06-19T08:22:05.620Z", "expires_at": "2025-06-20T08:22:05Z"}}, {"model": "token_blacklist.outstandingtoken", "pk": 10, "fields": {"user": 1, "jti": "9deceb5cf0d74b7894baa2546163cfdc", "token": "eyJhbGciOiJIUzI1NiIsInR5cCI6IkpXVCJ9.eyJ0b2tlbl90eXBlIjoicmVmcmVzaCIsImV4cCI6MTc1MDQwNzgwMSwiaWF0IjoxNzUwMzIxNDAxLCJqdGkiOiI5ZGVjZWI1Y2YwZDc0Yjc4OTRiYWEyNTQ2MTYzY2ZkYyIsInVzZXJfaWQiOjF9.wo6ZOuBoCw9aKgMOJc2pv8sbJQ9Gyc4lnSrxES9iVHI", "created_at": "2025-06-19T08:23:21.774Z", "expires_at": "2025-06-20T08:23:21Z"}}, {"model": "token_blacklist.outstandingtoken", "pk": 11, "fields": {"user": 1, "jti": "2e02dd951c8f4dbbabe35c971c4ad8d4", "token": "eyJhbGciOiJIUzI1NiIsInR5cCI6IkpXVCJ9.eyJ0b2tlbl90eXBlIjoicmVmcmVzaCIsImV4cCI6MTc1MDQwODA2OCwiaWF0IjoxNzUwMzIxNjY4LCJqdGkiOiIyZTAyZGQ5NTFjOGY0ZGJiYWJlMzVjOTcxYzRhZDhkNCIsInVzZXJfaWQiOjF9.r29vS61LgORfCcJl82yGskkTsEWYYKz0rk4zurWLURE", "created_at": "2025-06-19T08:27:48.385Z", "expires_at": "2025-06-20T08:27:48Z"}}, {"model": "token_blacklist.outstandingtoken", "pk": 12, "fields": {"user": 1, "jti": "d741335484cc4e95abe2bf3059443531", "token": "eyJhbGciOiJIUzI1NiIsInR5cCI6IkpXVCJ9.eyJ0b2tlbl90eXBlIjoicmVmcmVzaCIsImV4cCI6MTc1MDQwODQwMiwiaWF0IjoxNzUwMzIyMDAyLCJqdGkiOiJkNzQxMzM1NDg0Y2M0ZTk1YWJlMmJmMzA1OTQ0MzUzMSIsInVzZXJfaWQiOjF9.VEbhSGOiyQqSlUzgCNmbmULD8-L-nZ_RvyuRQnk1570", "created_at": "2025-06-19T08:33:22.182Z", "expires_at": "2025-06-20T08:33:22Z"}}, {"model": "users.user", "pk": 1, "fields": {"password": "pbkdf2_sha256$1000000$mrxMGxDGg2ey8f2m7SzGH2$hBB4w34fUR7bivi4J5ejG6R0DIKY43VJY/a7Juos6IQ=", "last_login": "2025-06-19T07:17:42.672Z", "is_superuser": true, "email": "zdzakic@gmail.com", "role": "admin", "first_name": "", "last_name": "", "address": "", "phone": "", "date_left": null, "comment": "", "is_active": true, "is_staff": true, "groups": [], "user_permissions": []}}, {"model": "users.user", "pk": 3, "fields": {"password": "pbkdf2_sha256$1000000$HeWpjWQzlLVUUMWs4QHueb$g7sofqTU6XJg08TdgcPKc/7FD8ivq5mQyAHGjRlSuUM=", "last_login": null, "is_superuser": false, "email": "tenant@example.com", "role": "tenant", "first_name": "Tenant1", "last_name": "", "address": "", "phone": "", "date_left": null, "comment": "", "is_active": true, "is_staff": false, "groups": [], "user_permissions": []}}, {"model": "users.user", "pk": 4, "fields": {"password": "!", "last_login": null, "is_superuser": false, "email": "joe_jarrett@hotmail.com", "role": "owner", "first_name": "Joe", "last_name": "Jarrett", "address": "", "phone": "", "date_left": null, "comment": "", "is_active": true, "is_staff": true, "groups": [], "user_permissions": []}}, {"model": "users.user", "pk": 5, "fields": {"password": "!", "last_login": null, "is_superuser": false, "email": "owner2@proppy.local", "role": "owner", "first_name": "Adam", "last_name": "Macefield", "address": "", "phone": "", "date_left": null, "comment": "", "is_active": true, "is_staff": false, "groups": [], "user_permissions": []}}, {"model": "users.user", "pk": 6, "fields": {"password": "!", "last_login": null, "is_superuser": false, "email": "owner3@proppy.local", "role": "owner", "first_name": "Gary", "last_name": "Colwell", "address": "", "phone": "", "date_left": null, "comment": "", "is_active": true, "is_staff": false, "groups": [], "user_permissions": []}}, {"model": "users.user", "pk": 7, "fields": {"password": "!", "last_login": null, "is_superuser": false, "email": "stus.olga@gmail.com", "role": "owner", "first_name": "Olga", "last_name": "Stus", "address": "", "phone": "", "date_left": "2025-04-11", "comment": "", "is_active": true, "is_staff": false, "groups": [], "user_permissions": []}}, {"model": "users.user", "pk": 8, "fields": {"password": "!", "last_login": null, "is_superuser": false, "email": "owner5@proppy.local", "role": "owner", "first_name": "Finn", "last_name": "ONeil", "address": "", "phone": "", "date_left": null, "comment": "", "is_active": true, "is_staff": false, "groups": [], "user_permissions": []}}, {"model": "users.user", "pk": 9, "fields": {"password": "!", "last_login": null, "is_superuser": false, "email": "owner7@proppy.local", "role": "owner", "first_name": "Melanie", "last_name": "Hackett", "address": "", "phone": "", "date_left": null, "comment": "", "is_active": true, "is_staff": false, "groups": [], "user_permissions": []}}, {"model": "users.user", "pk": 10, "fields": {"password": "!", "last_login": null, "is_superuser": false, "email": "owner8@proppy.local", "role": "owner", "first_name": "Rodrigo", "last_name": "Sampa Batista", "address": "", "phone": "", "date_left": null, "comment": "", "is_active": true, "is_staff": false, "groups": [], "user_permissions": []}}, {"model": "users.user", "pk": 11, "fields": {"password": "!", "last_login": null, "is_superuser": false, "email": "owner9@proppy.local", "role": "owner", "first_name": "Ross", "last_name": "Chappell", "address": "", "phone": "", "date_left": null, "comment": "", "is_active": true, "is_staff": false, "groups": [], "user_permissions": []}}, {"model": "users.user", "pk": 12, "fields": {"password": "!", "last_login": null, "is_superuser": false, "email": "owner10@proppy.local", "role": "owner", "first_name": "Gary", "last_name": "Page-Curley", "address": "", "phone": "", "date_left": null, "comment": "", "is_active": true, "is_staff": false, "groups": [], "user_permissions": []}}, {"model": "users.user", "pk": 13, "fields": {"password": "!", "last_login": null, "is_superuser": false, "email": "owner11@proppy.local", "role": "owner", "first_name": "Joanne", "last_name": "Shepherd", "address": "", "phone": "", "date_left": null, "comment": "", "is_active": true, "is_staff": false, "groups": [], "user_permissions": []}}, {"model": "users.user", "pk": 14, "fields": {"password": "!", "last_login": null, "is_superuser": false, "email": "owner12@proppy.local", "role": "owner", "first_name": "Tharani", "last_name": "Abeysekera", "address": "", "phone": "", "date_left": null, "comment": "", "is_active": true, "is_staff": false, "groups": [], "user_permissions": []}}, {"model": "users.user", "pk": 15, "fields": {"password": "!", "last_login": null, "is_superuser": false, "email": "owner13@proppy.local", "role": "owner", "first_name": "TLT.com", "last_name": "", "address": "", "phone": "", "date_left": null, "comment": "This was taken from Sudhir but when ??", "is_active": true, "is_staff": false, "groups": [], "user_permissions": []}}, {"model": "users.user", "pk": 16, "fields": {"password": "!", "last_login": null, "is_superuser": false, "email": "owner14@proppy.local", "role": "owner", "first_name": "All", "last_name": "Owners", "address": "", "phone": "", "date_left": null, "comment": "General group", "is_active": true, "is_staff": false, "groups": [], "user_permissions": []}}, {"model": "properties.company", "pk": 1, "fields": {"name": "The Rookery Property Company", "address": "1 Nicholson Rd, Waterlooville", "is_valid": true, "comment": ""}}, {"model": "properties.block", "pk": 2, "fields": {"name": "Block PORTLAND COURT", "company": 1, "comment": ""}}, {"model": "properties.property", "pk": 2, "fields": {"name": "Flat 1", "company": 1, "block": 2, "comment": ""}}, {"model": "properties.property", "pk": 3, "fields": {"name": "Flat 2", "company": 1, "block": 2, "comment": ""}}, {"model": "properties.property", "pk": 4, "fields": {"name": "Flat 3", "company": 1, "block": 2, "comment": ""}}, {"model": "properties.property", "pk": 5, "fields": {"name": "Flat 4", "company": 1, "block": 2, "comment": ""}}, {"model": "properties.property", "pk": 6, "fields": {"name": "Flat 5", "company": 1, "block": 2, "comment": ""}}, {"model": "properties.property", "pk": 7, "fields": {"name": "Flat 6", "company": 1, "block": 2, "comment": ""}}, {"model": "properties.property", "pk": 8, "fields": {"name": "Flat 7", "company": 1, "block": 2, "comment": ""}}, {"model": "properties.property", "pk": 9, "fields": {"name": "Flat 8", "company": 1, "block": 2, "comment": ""}}, {"model": "properties.property", "pk": 10, "fields": {"name": "Flat 9", "company": 1, "block": 2, "comment": ""}}, {"model": "properties.property", "pk": 11, "fields": {"name": "Flat 10", "company": 1, "block": 2, "comment": ""}}, {"model": "properties.property", "pk": 12, "fields": {"name": "Flat 11", "company": 1, "block": 2, "comment": ""}}, {"model": "properties.property", "pk": 13, "fields": {"name": "All Owners", "company": 1, "block": 2, "comment": ""}}, {"model": "properties.ownership", "pk": 3, "fields": {"user": 7, "property": 2, "start_date": "2019-01-01", "end_date": null, "comment": ""}}, {"model": "properties.ownership", "pk": 4, "fields": {"user": 5, "property": 3, "start_date": "2025-04-11", "end_date": null, "comment": ""}}, {"model": "properties.ownership", "pk": 5, "fields": {"user": 3, "property": 4, "start_date": "2013-02-01", "end_date": null, "comment": ""}}, {"model": "properties.ownership", "pk": 6, "fields": {"user": 8, "property": 5, "start_date": "2022-09-01", "end_date": null, "comment": ""}}, {"model": "properties.ownership", "pk": 7, "fields": {"user": 9, "property": 6, "start_date": "2005-01-01", "end_date": null, "comment": "Owned for at least 20 years"}}, {"model": "properties.ownership", "pk": 8, "fields": {"user": 13, "property": 8, "start_date": "2023-12-01", "end_date": null, "comment": "This was taken from Sudhir but when ??"}}, {"model": "properties.ownership", "pk": 9, "fields": {"user": 10, "property": 9, "start_date": "2017-01-01", "end_date": null, "comment": ""}}, {"model": "properties.ownership", "pk": 10, "fields": {"user": 11, "property": 10, "start_date": "2018-01-01", "end_date": null, "comment": ""}}, {"model": "properties.ownership", "pk": 11, "fields": {"user": 12, "property": 11, "start_date": "2022-01-01", "end_date": null, "comment": ""}}, {"model": "properties.ownership", "pk": 12, "fields": {"user": 4, "property": 3, "start_date": "2014-12-01", "end_date": "2025-04-11", "comment": ""}}, {"model": "properties.ownership", "pk": 13, "fields": {"user": 14, "property": 12, "start_date": null, "end_date": null, "comment": ""}}]